<?xml version="1.0" encoding="UTF-8" standalone="no"?>
<Nivel>
<Flota>
<Atributos>
<CantidadNaves>3</CantidadNaves>
<PuntosBajas>0</PuntosBajas>
</Atributos>
<ListaNavesVivas>
<AvionCivil>
<Atributos>
<X>99</X>
<Y>0</Y>
<Radio>25</Radio>
<Muerto>false</Muerto>
<VelX>0</VelX>
<VelY>2</VelY>
<PosInicialX>99</PosInicialX>
<PosInicialY>0</PosInicialY>
<Energia>1</Energia>
<Puntos>300</Puntos>
<Relevado>false</Relevado>
<EnergiaOriginal>1</EnergiaOriginal>
</Atributos>
</AvionCivil>
<AvionCivil>
<Atributos>
<X>511</X>
<Y>0</Y>
<Radio>25</Radio>
<Muerto>false</Muerto>
<VelX>0</VelX>
<VelY>2</VelY>
<PosInicialX>511</PosInicialX>
<PosInicialY>0</PosInicialY>
<Energia>1</Energia>
<Puntos>300</Puntos>
<Relevado>false</Relevado>
<EnergiaOriginal>1</EnergiaOriginal>
</Atributos>
</AvionCivil>
<AvionCivil>
<Atributos>
<X>401</X>
<Y>0</Y>
<Radio>25</Radio>
<Muerto>false</Muerto>
<VelX>0</VelX>
<VelY>2</VelY>
<PosInicialX>401</PosInicialX>
<PosInicialY>0</PosInicialY>
<Energia>1</Energia>
<Puntos>300</Puntos>
<Relevado>false</Relevado>
<EnergiaOriginal>1</EnergiaOriginal>
</Atributos>
</AvionCivil>
</ListaNavesVivas>
</Flota>
<FlotaEnemiga>
<Atributos>
<CantidadNaves>6</CantidadNaves>
<PuntosBajas>0</PuntosBajas>
</Atributos>
<ListaNavesVivasEnemigas>
<Bombardero>
<Atributos>
<X>516</X>
<Y>0</Y>
<Radio>25</Radio>
<Muerto>false</Muerto>
<VelX>3</VelX>
<VelY>3</VelY>
<PosInicialX>516</PosInicialX>
<PosInicialY>0</PosInicialY>
<Energia>4</Energia>
<Puntos>30</Puntos>
<Relevado>false</Relevado>
<EnergiaOriginal>4</EnergiaOriginal>
<Escapo>false</Escapo>
<EsGuia>false</EsGuia>
<FrecuenciaDisparo>30</FrecuenciaDisparo>
<TurnosDisparo>0</TurnosDisparo>
<CantMov>0</CantMov>
<DispararSeguidor>true</DispararSeguidor>
</Atributos>
</Bombardero>
<Caza>
<Atributos>
<X>291</X>
<Y>0</Y>
<Radio>25</Radio>
<Muerto>false</Muerto>
<VelX>0</VelX>
<VelY>3</VelY>
<PosInicialX>291</PosInicialX>
<PosInicialY>0</PosInicialY>
<Energia>2</Energia>
<Puntos>30</Puntos>
<Relevado>false</Relevado>
<EnergiaOriginal>2</EnergiaOriginal>
<Escapo>false</Escapo>
<EsGuia>false</EsGuia>
<FrecuenciaDisparo>20</FrecuenciaDisparo>
<TurnosDisparo>0</TurnosDisparo>
</Atributos>
</Caza>
<Caza>
<Atributos>
<X>341</X>
<Y>-50</Y>
<Radio>25</Radio>
<Muerto>false</Muerto>
<VelX>0</VelX>
<VelY>3</VelY>
<PosInicialX>341</PosInicialX>
<PosInicialY>-50</PosInicialY>
<Energia>2</Energia>
<Puntos>30</Puntos>
<Relevado>false</Relevado>
<EnergiaOriginal>2</EnergiaOriginal>
<Escapo>false</Escapo>
<EsGuia>false</EsGuia>
<FrecuenciaDisparo>20</FrecuenciaDisparo>
<TurnosDisparo>0</TurnosDisparo>
</Atributos>
</Caza>
<Caza>
<Atributos>
<X>241</X>
<Y>-50</Y>
<Radio>25</Radio>
<Muerto>false</Muerto>
<VelX>0</VelX>
<VelY>3</VelY>
<PosInicialX>241</PosInicialX>
<PosInicialY>-50</PosInicialY>
<Energia>2</Energia>
<Puntos>30</Puntos>
<Relevado>false</Relevado>
<EnergiaOriginal>2</EnergiaOriginal>
<Escapo>false</Escapo>
<EsGuia>false</EsGuia>
<FrecuenciaDisparo>20</FrecuenciaDisparo>
<TurnosDisparo>0</TurnosDisparo>
</Atributos>
</Caza>
<Caza>
<Atributos>
<X>391</X>
<Y>-100</Y>
<Radio>25</Radio>
<Muerto>false</Muerto>
<VelX>0</VelX>
<VelY>3</VelY>
<PosInicialX>391</PosInicialX>
<PosInicialY>-100</PosInicialY>
<Energia>7</Energia>
<Puntos>30</Puntos>
<Relevado>false</Relevado>
<EnergiaOriginal>2</EnergiaOriginal>
<Escapo>false</Escapo>
<EsGuia>true</EsGuia>
<FrecuenciaDisparo>20</FrecuenciaDisparo>
<TurnosDisparo>0</TurnosDisparo>
</Atributos>
</Caza>
<Caza>
<Atributos>
<X>191</X>
<Y>-100</Y>
<Radio>25</Radio>
<Muerto>false</Muerto>
<VelX>0</VelX>
<VelY>3</VelY>
<PosInicialX>191</PosInicialX>
<PosInicialY>-100</PosInicialY>
<Energia>2</Energia>
<Puntos>30</Puntos>
<Relevado>false</Relevado>
<EnergiaOriginal>2</EnergiaOriginal>
<Escapo>false</Escapo>
<EsGuia>false</EsGuia>
<FrecuenciaDisparo>20</FrecuenciaDisparo>
<TurnosDisparo>0</TurnosDisparo>
</Atributos>
</Caza>
</ListaNavesVivasEnemigas>
</FlotaEnemiga>
</Nivel>
