<?xml version="1.0" encoding="UTF-8" standalone="no"?>
<Nivel>
<Flota>
<Atributos>
<CantidadNaves>3</CantidadNaves>
<PuntosBajas>0</PuntosBajas>
</Atributos>
<ListaNavesVivas>
<AvionCivil>
<Atributos>
<X>241</X>
<Y>0</Y>
<Radio>25</Radio>
<Muerto>false</Muerto>
<VelX>0</VelX>
<VelY>2</VelY>
<PosInicialX>241</PosInicialX>
<PosInicialY>0</PosInicialY>
<Energia>1</Energia>
<Puntos>300</Puntos>
<Relevado>false</Relevado>
<EnergiaOriginal>1</EnergiaOriginal>
</Atributos>
</AvionCivil>
<AvionCivil>
<Atributos>
<X>128</X>
<Y>0</Y>
<Radio>25</Radio>
<Muerto>false</Muerto>
<VelX>0</VelX>
<VelY>2</VelY>
<PosInicialX>128</PosInicialX>
<PosInicialY>0</PosInicialY>
<Energia>1</Energia>
<Puntos>300</Puntos>
<Relevado>false</Relevado>
<EnergiaOriginal>1</EnergiaOriginal>
</Atributos>
</AvionCivil>
<AvionCivil>
<Atributos>
<X>510</X>
<Y>0</Y>
<Radio>25</Radio>
<Muerto>false</Muerto>
<VelX>0</VelX>
<VelY>2</VelY>
<PosInicialX>510</PosInicialX>
<PosInicialY>0</PosInicialY>
<Energia>1</Energia>
<Puntos>300</Puntos>
<Relevado>false</Relevado>
<EnergiaOriginal>1</EnergiaOriginal>
</Atributos>
</AvionCivil>
</ListaNavesVivas>
</Flota>
<FlotaEnemiga>
<Atributos>
<CantidadNaves>7</CantidadNaves>
<PuntosBajas>0</PuntosBajas>
</Atributos>
<ListaNavesVivasEnemigas>
<Avioneta>
<Atributos>
<X>714</X>
<Y>0</Y>
<Radio>25</Radio>
<Muerto>false</Muerto>
<VelX>0</VelX>
<VelY>4</VelY>
<PosInicialX>714</PosInicialX>
<PosInicialY>0</PosInicialY>
<Energia>1</Energia>
<Puntos>20</Puntos>
<Relevado>false</Relevado>
<EnergiaOriginal>1</EnergiaOriginal>
<Escapo>false</Escapo>
<EsGuia>false</EsGuia>
<FrecuenciaDisparo>40</FrecuenciaDisparo>
<TurnosDisparo>0</TurnosDisparo>
</Atributos>
</Avioneta>
<Avioneta>
<Atributos>
<X>755</X>
<Y>0</Y>
<Radio>25</Radio>
<Muerto>false</Muerto>
<VelX>0</VelX>
<VelY>4</VelY>
<PosInicialX>755</PosInicialX>
<PosInicialY>0</PosInicialY>
<Energia>1</Energia>
<Puntos>20</Puntos>
<Relevado>false</Relevado>
<EnergiaOriginal>1</EnergiaOriginal>
<Escapo>false</Escapo>
<EsGuia>false</EsGuia>
<FrecuenciaDisparo>40</FrecuenciaDisparo>
<TurnosDisparo>0</TurnosDisparo>
</Atributos>
</Avioneta>
<Bombardero>
<Atributos>
<X>540</X>
<Y>0</Y>
<Radio>25</Radio>
<Muerto>false</Muerto>
<VelX>3</VelX>
<VelY>3</VelY>
<PosInicialX>540</PosInicialX>
<PosInicialY>0</PosInicialY>
<Energia>4</Energia>
<Puntos>30</Puntos>
<Relevado>false</Relevado>
<EnergiaOriginal>4</EnergiaOriginal>
<Escapo>false</Escapo>
<EsGuia>false</EsGuia>
<FrecuenciaDisparo>30</FrecuenciaDisparo>
<TurnosDisparo>0</TurnosDisparo>
<CantMov>0</CantMov>
<DispararSeguidor>true</DispararSeguidor>
</Atributos>
</Bombardero>
<Bombardero>
<Atributos>
<X>765</X>
<Y>0</Y>
<Radio>25</Radio>
<Muerto>false</Muerto>
<VelX>3</VelX>
<VelY>3</VelY>
<PosInicialX>765</PosInicialX>
<PosInicialY>0</PosInicialY>
<Energia>7</Energia>
<Puntos>30</Puntos>
<Relevado>false</Relevado>
<EnergiaOriginal>4</EnergiaOriginal>
<Escapo>false</Escapo>
<EsGuia>true</EsGuia>
<FrecuenciaDisparo>30</FrecuenciaDisparo>
<TurnosDisparo>0</TurnosDisparo>
<CantMov>0</CantMov>
<DispararSeguidor>true</DispararSeguidor>
</Atributos>
</Bombardero>
<CazaII>
<Atributos>
<X>470</X>
<Y>0</Y>
<Radio>25</Radio>
<Muerto>false</Muerto>
<VelX>0</VelX>
<VelY>3</VelY>
<PosInicialX>470</PosInicialX>
<PosInicialY>0</PosInicialY>
<Energia>2</Energia>
<Puntos>30</Puntos>
<Relevado>false</Relevado>
<EnergiaOriginal>2</EnergiaOriginal>
<Escapo>false</Escapo>
<EsGuia>false</EsGuia>
<FrecuenciaDisparo>20</FrecuenciaDisparo>
<TurnosDisparo>0</TurnosDisparo>
</Atributos>
</CazaII>
<CazaII>
<Atributos>
<X>520</X>
<Y>-50</Y>
<Radio>25</Radio>
<Muerto>false</Muerto>
<VelX>0</VelX>
<VelY>3</VelY>
<PosInicialX>520</PosInicialX>
<PosInicialY>-50</PosInicialY>
<Energia>2</Energia>
<Puntos>30</Puntos>
<Relevado>false</Relevado>
<EnergiaOriginal>2</EnergiaOriginal>
<Escapo>false</Escapo>
<EsGuia>false</EsGuia>
<FrecuenciaDisparo>20</FrecuenciaDisparo>
<TurnosDisparo>0</TurnosDisparo>
</Atributos>
</CazaII>
<CazaII>
<Atributos>
<X>420</X>
<Y>-50</Y>
<Radio>25</Radio>
<Muerto>false</Muerto>
<VelX>0</VelX>
<VelY>3</VelY>
<PosInicialX>420</PosInicialX>
<PosInicialY>-50</PosInicialY>
<Energia>2</Energia>
<Puntos>30</Puntos>
<Relevado>false</Relevado>
<EnergiaOriginal>2</EnergiaOriginal>
<Escapo>false</Escapo>
<EsGuia>false</EsGuia>
<FrecuenciaDisparo>20</FrecuenciaDisparo>
<TurnosDisparo>0</TurnosDisparo>
</Atributos>
</CazaII>
</ListaNavesVivasEnemigas>
</FlotaEnemiga>
</Nivel>
