<?xml version="1.0" encoding="UTF-8" standalone="no"?>
<Nivel>
<Flota>
<Atributos>
<CantidadNaves>2</CantidadNaves>
<PuntosBajas>0</PuntosBajas>
</Atributos>
<ListaNavesVivas>
<AvionCivil>
<Atributos>
<X>363</X>
<Y>0</Y>
<Radio>25</Radio>
<Muerto>false</Muerto>
<VelX>0</VelX>
<VelY>2</VelY>
<PosInicialX>363</PosInicialX>
<PosInicialY>0</PosInicialY>
<Energia>1</Energia>
<Puntos>300</Puntos>
<Relevado>false</Relevado>
<EnergiaOriginal>1</EnergiaOriginal>
</Atributos>
</AvionCivil>
<AvionCivil>
<Atributos>
<X>729</X>
<Y>0</Y>
<Radio>25</Radio>
<Muerto>false</Muerto>
<VelX>0</VelX>
<VelY>2</VelY>
<PosInicialX>729</PosInicialX>
<PosInicialY>0</PosInicialY>
<Energia>1</Energia>
<Puntos>300</Puntos>
<Relevado>false</Relevado>
<EnergiaOriginal>1</EnergiaOriginal>
</Atributos>
</AvionCivil>
</ListaNavesVivas>
</Flota>
<FlotaEnemiga>
<Atributos>
<CantidadNaves>3</CantidadNaves>
<PuntosBajas>0</PuntosBajas>
</Atributos>
<ListaNavesVivasEnemigas>
<Avioneta>
<Atributos>
<X>547</X>
<Y>0</Y>
<Radio>25</Radio>
<Muerto>false</Muerto>
<VelX>0</VelX>
<VelY>4</VelY>
<PosInicialX>547</PosInicialX>
<PosInicialY>0</PosInicialY>
<Energia>1</Energia>
<Puntos>20</Puntos>
<Relevado>false</Relevado>
<EnergiaOriginal>1</EnergiaOriginal>
<Escapo>false</Escapo>
<EsGuia>false</EsGuia>
<FrecuenciaDisparo>40</FrecuenciaDisparo>
<TurnosDisparo>0</TurnosDisparo>
</Atributos>
</Avioneta>
<Avioneta>
<Atributos>
<X>545</X>
<Y>0</Y>
<Radio>25</Radio>
<Muerto>false</Muerto>
<VelX>0</VelX>
<VelY>4</VelY>
<PosInicialX>545</PosInicialX>
<PosInicialY>0</PosInicialY>
<Energia>7</Energia>
<Puntos>20</Puntos>
<Relevado>false</Relevado>
<EnergiaOriginal>1</EnergiaOriginal>
<Escapo>false</Escapo>
<EsGuia>true</EsGuia>
<FrecuenciaDisparo>40</FrecuenciaDisparo>
<TurnosDisparo>0</TurnosDisparo>
</Atributos>
</Avioneta>
<Explorador>
<Atributos>
<X>255</X>
<Y>0</Y>
<Radio>25</Radio>
<Muerto>false</Muerto>
<VelX>0</VelX>
<VelY>3</VelY>
<PosInicialX>255</PosInicialX>
<PosInicialY>0</PosInicialY>
<Energia>1</Energia>
<Puntos>50</Puntos>
<Relevado>false</Relevado>
<EnergiaOriginal>1</EnergiaOriginal>
<Escapo>false</Escapo>
<EsGuia>false</EsGuia>
<RadioGiro>120</RadioGiro>
<CentroGiroX>250</CentroGiroX>
<CentroGiroY>300</CentroGiroY>
<Regresando>false</Regresando>
<EntroAlCirculo>false</EntroAlCirculo>
</Atributos>
</Explorador>
</ListaNavesVivasEnemigas>
</FlotaEnemiga>
</Nivel>
