<?xml version="1.0" encoding="UTF-8" standalone="no"?>
<Nivel>
<Flota>
<Atributos>
<CantidadNaves>2</CantidadNaves>
<PuntosBajas>0</PuntosBajas>
</Atributos>
<ListaNavesVivas>
<AvionCivil>
<Atributos>
<X>529</X>
<Y>0</Y>
<Radio>25</Radio>
<Muerto>false</Muerto>
<VelX>0</VelX>
<VelY>2</VelY>
<PosInicialX>529</PosInicialX>
<PosInicialY>0</PosInicialY>
<Energia>1</Energia>
<Puntos>300</Puntos>
<Relevado>false</Relevado>
<EnergiaOriginal>1</EnergiaOriginal>
</Atributos>
</AvionCivil>
<Helicoptero>
<Atributos>
<X>202</X>
<Y>0</Y>
<Radio>25</Radio>
<Muerto>false</Muerto>
<VelX>0</VelX>
<VelY>3</VelY>
<PosInicialX>202</PosInicialX>
<PosInicialY>0</PosInicialY>
<Energia>1</Energia>
<Puntos>200</Puntos>
<Relevado>false</Relevado>
<EnergiaOriginal>1</EnergiaOriginal>
<RadioGiro>120</RadioGiro>
<CentroGiroX>350</CentroGiroX>
<CentroGiroY>300</CentroGiroY>
<Regresando>false</Regresando>
<EntroAlCirculo>false</EntroAlCirculo>
</Atributos>
</Helicoptero>
</ListaNavesVivas>
</Flota>
<FlotaEnemiga>
<Atributos>
<CantidadNaves>4</CantidadNaves>
<PuntosBajas>0</PuntosBajas>
</Atributos>
<ListaNavesVivasEnemigas>
<Avioneta>
<Atributos>
<X>317</X>
<Y>0</Y>
<Radio>25</Radio>
<Muerto>false</Muerto>
<VelX>0</VelX>
<VelY>4</VelY>
<PosInicialX>317</PosInicialX>
<PosInicialY>0</PosInicialY>
<Energia>1</Energia>
<Puntos>20</Puntos>
<Relevado>false</Relevado>
<EnergiaOriginal>1</EnergiaOriginal>
<Escapo>false</Escapo>
<EsGuia>false</EsGuia>
<FrecuenciaDisparo>40</FrecuenciaDisparo>
<TurnosDisparo>0</TurnosDisparo>
</Atributos>
</Avioneta>
<Caza>
<Atributos>
<X>425</X>
<Y>0</Y>
<Radio>25</Radio>
<Muerto>false</Muerto>
<VelX>0</VelX>
<VelY>3</VelY>
<PosInicialX>425</PosInicialX>
<PosInicialY>0</PosInicialY>
<Energia>2</Energia>
<Puntos>30</Puntos>
<Relevado>false</Relevado>
<EnergiaOriginal>2</EnergiaOriginal>
<Escapo>false</Escapo>
<EsGuia>false</EsGuia>
<FrecuenciaDisparo>20</FrecuenciaDisparo>
<TurnosDisparo>0</TurnosDisparo>
</Atributos>
</Caza>
<Caza>
<Atributos>
<X>475</X>
<Y>-50</Y>
<Radio>25</Radio>
<Muerto>false</Muerto>
<VelX>0</VelX>
<VelY>3</VelY>
<PosInicialX>475</PosInicialX>
<PosInicialY>-50</PosInicialY>
<Energia>2</Energia>
<Puntos>30</Puntos>
<Relevado>false</Relevado>
<EnergiaOriginal>2</EnergiaOriginal>
<Escapo>false</Escapo>
<EsGuia>false</EsGuia>
<FrecuenciaDisparo>20</FrecuenciaDisparo>
<TurnosDisparo>0</TurnosDisparo>
</Atributos>
</Caza>
<Caza>
<Atributos>
<X>375</X>
<Y>-50</Y>
<Radio>25</Radio>
<Muerto>false</Muerto>
<VelX>0</VelX>
<VelY>3</VelY>
<PosInicialX>375</PosInicialX>
<PosInicialY>-50</PosInicialY>
<Energia>7</Energia>
<Puntos>30</Puntos>
<Relevado>false</Relevado>
<EnergiaOriginal>2</EnergiaOriginal>
<Escapo>false</Escapo>
<EsGuia>true</EsGuia>
<FrecuenciaDisparo>20</FrecuenciaDisparo>
<TurnosDisparo>0</TurnosDisparo>
</Atributos>
</Caza>
</ListaNavesVivasEnemigas>
</FlotaEnemiga>
</Nivel>
