<?xml version="1.0" encoding="UTF-8" standalone="no"?>
<Nivel>
<Flota>
<Atributos>
<CantidadNaves>0</CantidadNaves>
<PuntosBajas>0</PuntosBajas>
</Atributos>
<ListaNavesVivas/>
</Flota>
<FlotaEnemiga>
<Atributos>
<CantidadNaves>11</CantidadNaves>
<PuntosBajas>0</PuntosBajas>
</Atributos>
<ListaNavesVivasEnemigas>
<Bombardero>
<Atributos>
<X>648</X>
<Y>0</Y>
<Radio>25</Radio>
<Muerto>false</Muerto>
<VelX>3</VelX>
<VelY>3</VelY>
<PosInicialX>648</PosInicialX>
<PosInicialY>0</PosInicialY>
<Energia>4</Energia>
<Puntos>30</Puntos>
<Relevado>false</Relevado>
<EnergiaOriginal>4</EnergiaOriginal>
<Escapo>false</Escapo>
<EsGuia>false</EsGuia>
<FrecuenciaDisparo>30</FrecuenciaDisparo>
<TurnosDisparo>0</TurnosDisparo>
<CantMov>0</CantMov>
<DispararSeguidor>true</DispararSeguidor>
</Atributos>
</Bombardero>
<Caza>
<Atributos>
<X>288</X>
<Y>0</Y>
<Radio>25</Radio>
<Muerto>false</Muerto>
<VelX>0</VelX>
<VelY>3</VelY>
<PosInicialX>288</PosInicialX>
<PosInicialY>0</PosInicialY>
<Energia>7</Energia>
<Puntos>30</Puntos>
<Relevado>false</Relevado>
<EnergiaOriginal>2</EnergiaOriginal>
<Escapo>false</Escapo>
<EsGuia>true</EsGuia>
<FrecuenciaDisparo>20</FrecuenciaDisparo>
<TurnosDisparo>0</TurnosDisparo>
</Atributos>
</Caza>
<Caza>
<Atributos>
<X>338</X>
<Y>-50</Y>
<Radio>25</Radio>
<Muerto>false</Muerto>
<VelX>0</VelX>
<VelY>3</VelY>
<PosInicialX>338</PosInicialX>
<PosInicialY>-50</PosInicialY>
<Energia>2</Energia>
<Puntos>30</Puntos>
<Relevado>false</Relevado>
<EnergiaOriginal>2</EnergiaOriginal>
<Escapo>false</Escapo>
<EsGuia>false</EsGuia>
<FrecuenciaDisparo>20</FrecuenciaDisparo>
<TurnosDisparo>0</TurnosDisparo>
</Atributos>
</Caza>
<Caza>
<Atributos>
<X>238</X>
<Y>-50</Y>
<Radio>25</Radio>
<Muerto>false</Muerto>
<VelX>0</VelX>
<VelY>3</VelY>
<PosInicialX>238</PosInicialX>
<PosInicialY>-50</PosInicialY>
<Energia>2</Energia>
<Puntos>30</Puntos>
<Relevado>false</Relevado>
<EnergiaOriginal>2</EnergiaOriginal>
<Escapo>false</Escapo>
<EsGuia>false</EsGuia>
<FrecuenciaDisparo>20</FrecuenciaDisparo>
<TurnosDisparo>0</TurnosDisparo>
</Atributos>
</Caza>
<Caza>
<Atributos>
<X>388</X>
<Y>-100</Y>
<Radio>25</Radio>
<Muerto>false</Muerto>
<VelX>0</VelX>
<VelY>3</VelY>
<PosInicialX>388</PosInicialX>
<PosInicialY>-100</PosInicialY>
<Energia>2</Energia>
<Puntos>30</Puntos>
<Relevado>false</Relevado>
<EnergiaOriginal>2</EnergiaOriginal>
<Escapo>false</Escapo>
<EsGuia>false</EsGuia>
<FrecuenciaDisparo>20</FrecuenciaDisparo>
<TurnosDisparo>0</TurnosDisparo>
</Atributos>
</Caza>
<Caza>
<Atributos>
<X>188</X>
<Y>-100</Y>
<Radio>25</Radio>
<Muerto>false</Muerto>
<VelX>0</VelX>
<VelY>3</VelY>
<PosInicialX>188</PosInicialX>
<PosInicialY>-100</PosInicialY>
<Energia>2</Energia>
<Puntos>30</Puntos>
<Relevado>false</Relevado>
<EnergiaOriginal>2</EnergiaOriginal>
<Escapo>false</Escapo>
<EsGuia>false</EsGuia>
<FrecuenciaDisparo>20</FrecuenciaDisparo>
<TurnosDisparo>0</TurnosDisparo>
</Atributos>
</Caza>
<CazaII>
<Atributos>
<X>389</X>
<Y>0</Y>
<Radio>25</Radio>
<Muerto>false</Muerto>
<VelX>0</VelX>
<VelY>3</VelY>
<PosInicialX>389</PosInicialX>
<PosInicialY>0</PosInicialY>
<Energia>2</Energia>
<Puntos>30</Puntos>
<Relevado>false</Relevado>
<EnergiaOriginal>2</EnergiaOriginal>
<Escapo>false</Escapo>
<EsGuia>false</EsGuia>
<FrecuenciaDisparo>20</FrecuenciaDisparo>
<TurnosDisparo>0</TurnosDisparo>
</Atributos>
</CazaII>
<CazaII>
<Atributos>
<X>439</X>
<Y>-50</Y>
<Radio>25</Radio>
<Muerto>false</Muerto>
<VelX>0</VelX>
<VelY>3</VelY>
<PosInicialX>439</PosInicialX>
<PosInicialY>-50</PosInicialY>
<Energia>2</Energia>
<Puntos>30</Puntos>
<Relevado>false</Relevado>
<EnergiaOriginal>2</EnergiaOriginal>
<Escapo>false</Escapo>
<EsGuia>false</EsGuia>
<FrecuenciaDisparo>20</FrecuenciaDisparo>
<TurnosDisparo>0</TurnosDisparo>
</Atributos>
</CazaII>
<CazaII>
<Atributos>
<X>339</X>
<Y>-50</Y>
<Radio>25</Radio>
<Muerto>false</Muerto>
<VelX>0</VelX>
<VelY>3</VelY>
<PosInicialX>339</PosInicialX>
<PosInicialY>-50</PosInicialY>
<Energia>2</Energia>
<Puntos>30</Puntos>
<Relevado>false</Relevado>
<EnergiaOriginal>2</EnergiaOriginal>
<Escapo>false</Escapo>
<EsGuia>false</EsGuia>
<FrecuenciaDisparo>20</FrecuenciaDisparo>
<TurnosDisparo>0</TurnosDisparo>
</Atributos>
</CazaII>
<CazaII>
<Atributos>
<X>489</X>
<Y>-100</Y>
<Radio>25</Radio>
<Muerto>false</Muerto>
<VelX>0</VelX>
<VelY>3</VelY>
<PosInicialX>489</PosInicialX>
<PosInicialY>-100</PosInicialY>
<Energia>2</Energia>
<Puntos>30</Puntos>
<Relevado>false</Relevado>
<EnergiaOriginal>2</EnergiaOriginal>
<Escapo>false</Escapo>
<EsGuia>false</EsGuia>
<FrecuenciaDisparo>20</FrecuenciaDisparo>
<TurnosDisparo>0</TurnosDisparo>
</Atributos>
</CazaII>
<CazaII>
<Atributos>
<X>289</X>
<Y>-100</Y>
<Radio>25</Radio>
<Muerto>false</Muerto>
<VelX>0</VelX>
<VelY>3</VelY>
<PosInicialX>289</PosInicialX>
<PosInicialY>-100</PosInicialY>
<Energia>2</Energia>
<Puntos>30</Puntos>
<Relevado>false</Relevado>
<EnergiaOriginal>2</EnergiaOriginal>
<Escapo>false</Escapo>
<EsGuia>false</EsGuia>
<FrecuenciaDisparo>20</FrecuenciaDisparo>
<TurnosDisparo>0</TurnosDisparo>
</Atributos>
</CazaII>
</ListaNavesVivasEnemigas>
</FlotaEnemiga>
</Nivel>
