<?xml version="1.0" encoding="UTF-8" standalone="no"?>
<Nivel>
<Flota>
<Atributos>
<CantidadNaves>1</CantidadNaves>
<PuntosBajas>0</PuntosBajas>
</Atributos>
<ListaNavesVivas>
<Helicoptero>
<Atributos>
<X>653</X>
<Y>0</Y>
<Radio>25</Radio>
<Muerto>false</Muerto>
<VelX>0</VelX>
<VelY>3</VelY>
<PosInicialX>653</PosInicialX>
<PosInicialY>0</PosInicialY>
<Energia>1</Energia>
<Puntos>200</Puntos>
<Relevado>false</Relevado>
<EnergiaOriginal>1</EnergiaOriginal>
<RadioGiro>120</RadioGiro>
<CentroGiroX>350</CentroGiroX>
<CentroGiroY>300</CentroGiroY>
<Regresando>false</Regresando>
<EntroAlCirculo>false</EntroAlCirculo>
</Atributos>
</Helicoptero>
</ListaNavesVivas>
</Flota>
<FlotaEnemiga>
<Atributos>
<CantidadNaves>7</CantidadNaves>
<PuntosBajas>0</PuntosBajas>
</Atributos>
<ListaNavesVivasEnemigas>
<Avioneta>
<Atributos>
<X>634</X>
<Y>0</Y>
<Radio>25</Radio>
<Muerto>false</Muerto>
<VelX>0</VelX>
<VelY>4</VelY>
<PosInicialX>634</PosInicialX>
<PosInicialY>0</PosInicialY>
<Energia>1</Energia>
<Puntos>20</Puntos>
<Relevado>false</Relevado>
<EnergiaOriginal>1</EnergiaOriginal>
<Escapo>false</Escapo>
<EsGuia>false</EsGuia>
<FrecuenciaDisparo>40</FrecuenciaDisparo>
<TurnosDisparo>0</TurnosDisparo>
</Atributos>
</Avioneta>
<Avioneta>
<Atributos>
<X>481</X>
<Y>0</Y>
<Radio>25</Radio>
<Muerto>false</Muerto>
<VelX>0</VelX>
<VelY>4</VelY>
<PosInicialX>481</PosInicialX>
<PosInicialY>0</PosInicialY>
<Energia>1</Energia>
<Puntos>20</Puntos>
<Relevado>false</Relevado>
<EnergiaOriginal>1</EnergiaOriginal>
<Escapo>false</Escapo>
<EsGuia>false</EsGuia>
<FrecuenciaDisparo>40</FrecuenciaDisparo>
<TurnosDisparo>0</TurnosDisparo>
</Atributos>
</Avioneta>
<Avioneta>
<Atributos>
<X>298</X>
<Y>0</Y>
<Radio>25</Radio>
<Muerto>false</Muerto>
<VelX>0</VelX>
<VelY>4</VelY>
<PosInicialX>298</PosInicialX>
<PosInicialY>0</PosInicialY>
<Energia>1</Energia>
<Puntos>20</Puntos>
<Relevado>false</Relevado>
<EnergiaOriginal>1</EnergiaOriginal>
<Escapo>false</Escapo>
<EsGuia>false</EsGuia>
<FrecuenciaDisparo>40</FrecuenciaDisparo>
<TurnosDisparo>0</TurnosDisparo>
</Atributos>
</Avioneta>
<Avioneta>
<Atributos>
<X>230</X>
<Y>0</Y>
<Radio>25</Radio>
<Muerto>false</Muerto>
<VelX>0</VelX>
<VelY>4</VelY>
<PosInicialX>230</PosInicialX>
<PosInicialY>0</PosInicialY>
<Energia>1</Energia>
<Puntos>20</Puntos>
<Relevado>false</Relevado>
<EnergiaOriginal>1</EnergiaOriginal>
<Escapo>false</Escapo>
<EsGuia>false</EsGuia>
<FrecuenciaDisparo>40</FrecuenciaDisparo>
<TurnosDisparo>0</TurnosDisparo>
</Atributos>
</Avioneta>
<Avioneta>
<Atributos>
<X>355</X>
<Y>0</Y>
<Radio>25</Radio>
<Muerto>false</Muerto>
<VelX>0</VelX>
<VelY>4</VelY>
<PosInicialX>355</PosInicialX>
<PosInicialY>0</PosInicialY>
<Energia>7</Energia>
<Puntos>20</Puntos>
<Relevado>false</Relevado>
<EnergiaOriginal>1</EnergiaOriginal>
<Escapo>false</Escapo>
<EsGuia>true</EsGuia>
<FrecuenciaDisparo>40</FrecuenciaDisparo>
<TurnosDisparo>0</TurnosDisparo>
</Atributos>
</Avioneta>
<Bombardero>
<Atributos>
<X>392</X>
<Y>0</Y>
<Radio>25</Radio>
<Muerto>false</Muerto>
<VelX>3</VelX>
<VelY>3</VelY>
<PosInicialX>392</PosInicialX>
<PosInicialY>0</PosInicialY>
<Energia>4</Energia>
<Puntos>30</Puntos>
<Relevado>false</Relevado>
<EnergiaOriginal>4</EnergiaOriginal>
<Escapo>false</Escapo>
<EsGuia>false</EsGuia>
<FrecuenciaDisparo>30</FrecuenciaDisparo>
<TurnosDisparo>0</TurnosDisparo>
<CantMov>0</CantMov>
<DispararSeguidor>true</DispararSeguidor>
</Atributos>
</Bombardero>
<Bombardero>
<Atributos>
<X>695</X>
<Y>0</Y>
<Radio>25</Radio>
<Muerto>false</Muerto>
<VelX>3</VelX>
<VelY>3</VelY>
<PosInicialX>695</PosInicialX>
<PosInicialY>0</PosInicialY>
<Energia>4</Energia>
<Puntos>30</Puntos>
<Relevado>false</Relevado>
<EnergiaOriginal>4</EnergiaOriginal>
<Escapo>false</Escapo>
<EsGuia>false</EsGuia>
<FrecuenciaDisparo>30</FrecuenciaDisparo>
<TurnosDisparo>0</TurnosDisparo>
<CantMov>0</CantMov>
<DispararSeguidor>true</DispararSeguidor>
</Atributos>
</Bombardero>
</ListaNavesVivasEnemigas>
</FlotaEnemiga>
</Nivel>
