<?xml version="1.0" encoding="UTF-8" standalone="no"?>
<Nivel>
<Flota>
<Atributos>
<CantidadNaves>3</CantidadNaves>
<PuntosBajas>0</PuntosBajas>
</Atributos>
<ListaNavesVivas>
<AvionCivil>
<Atributos>
<X>337</X>
<Y>0</Y>
<Radio>25</Radio>
<Muerto>false</Muerto>
<VelX>0</VelX>
<VelY>2</VelY>
<PosInicialX>337</PosInicialX>
<PosInicialY>0</PosInicialY>
<Energia>1</Energia>
<Puntos>300</Puntos>
<Relevado>false</Relevado>
<EnergiaOriginal>1</EnergiaOriginal>
</Atributos>
</AvionCivil>
<AvionCivil>
<Atributos>
<X>630</X>
<Y>0</Y>
<Radio>25</Radio>
<Muerto>false</Muerto>
<VelX>0</VelX>
<VelY>2</VelY>
<PosInicialX>630</PosInicialX>
<PosInicialY>0</PosInicialY>
<Energia>1</Energia>
<Puntos>300</Puntos>
<Relevado>false</Relevado>
<EnergiaOriginal>1</EnergiaOriginal>
</Atributos>
</AvionCivil>
<AvionCivil>
<Atributos>
<X>84</X>
<Y>0</Y>
<Radio>25</Radio>
<Muerto>false</Muerto>
<VelX>0</VelX>
<VelY>2</VelY>
<PosInicialX>84</PosInicialX>
<PosInicialY>0</PosInicialY>
<Energia>1</Energia>
<Puntos>300</Puntos>
<Relevado>false</Relevado>
<EnergiaOriginal>1</EnergiaOriginal>
</Atributos>
</AvionCivil>
</ListaNavesVivas>
</Flota>
<FlotaEnemiga>
<Atributos>
<CantidadNaves>11</CantidadNaves>
<PuntosBajas>0</PuntosBajas>
</Atributos>
<ListaNavesVivasEnemigas>
<Bombardero>
<Atributos>
<X>618</X>
<Y>0</Y>
<Radio>25</Radio>
<Muerto>false</Muerto>
<VelX>3</VelX>
<VelY>3</VelY>
<PosInicialX>618</PosInicialX>
<PosInicialY>0</PosInicialY>
<Energia>4</Energia>
<Puntos>30</Puntos>
<Relevado>false</Relevado>
<EnergiaOriginal>4</EnergiaOriginal>
<Escapo>false</Escapo>
<EsGuia>false</EsGuia>
<FrecuenciaDisparo>30</FrecuenciaDisparo>
<TurnosDisparo>0</TurnosDisparo>
<CantMov>0</CantMov>
<DispararSeguidor>true</DispararSeguidor>
</Atributos>
</Bombardero>
<Bombardero>
<Atributos>
<X>168</X>
<Y>0</Y>
<Radio>25</Radio>
<Muerto>false</Muerto>
<VelX>3</VelX>
<VelY>3</VelY>
<PosInicialX>168</PosInicialX>
<PosInicialY>0</PosInicialY>
<Energia>4</Energia>
<Puntos>30</Puntos>
<Relevado>false</Relevado>
<EnergiaOriginal>4</EnergiaOriginal>
<Escapo>false</Escapo>
<EsGuia>false</EsGuia>
<FrecuenciaDisparo>30</FrecuenciaDisparo>
<TurnosDisparo>0</TurnosDisparo>
<CantMov>0</CantMov>
<DispararSeguidor>true</DispararSeguidor>
</Atributos>
</Bombardero>
<Bombardero>
<Atributos>
<X>297</X>
<Y>0</Y>
<Radio>25</Radio>
<Muerto>false</Muerto>
<VelX>3</VelX>
<VelY>3</VelY>
<PosInicialX>297</PosInicialX>
<PosInicialY>0</PosInicialY>
<Energia>4</Energia>
<Puntos>30</Puntos>
<Relevado>false</Relevado>
<EnergiaOriginal>4</EnergiaOriginal>
<Escapo>false</Escapo>
<EsGuia>false</EsGuia>
<FrecuenciaDisparo>30</FrecuenciaDisparo>
<TurnosDisparo>0</TurnosDisparo>
<CantMov>0</CantMov>
<DispararSeguidor>true</DispararSeguidor>
</Atributos>
</Bombardero>
<Bombardero>
<Atributos>
<X>447</X>
<Y>0</Y>
<Radio>25</Radio>
<Muerto>false</Muerto>
<VelX>3</VelX>
<VelY>3</VelY>
<PosInicialX>447</PosInicialX>
<PosInicialY>0</PosInicialY>
<Energia>4</Energia>
<Puntos>30</Puntos>
<Relevado>false</Relevado>
<EnergiaOriginal>4</EnergiaOriginal>
<Escapo>false</Escapo>
<EsGuia>false</EsGuia>
<FrecuenciaDisparo>30</FrecuenciaDisparo>
<TurnosDisparo>0</TurnosDisparo>
<CantMov>0</CantMov>
<DispararSeguidor>true</DispararSeguidor>
</Atributos>
</Bombardero>
<CazaII>
<Atributos>
<X>220</X>
<Y>0</Y>
<Radio>25</Radio>
<Muerto>false</Muerto>
<VelX>0</VelX>
<VelY>3</VelY>
<PosInicialX>220</PosInicialX>
<PosInicialY>0</PosInicialY>
<Energia>2</Energia>
<Puntos>30</Puntos>
<Relevado>false</Relevado>
<EnergiaOriginal>2</EnergiaOriginal>
<Escapo>false</Escapo>
<EsGuia>false</EsGuia>
<FrecuenciaDisparo>20</FrecuenciaDisparo>
<TurnosDisparo>0</TurnosDisparo>
</Atributos>
</CazaII>
<CazaII>
<Atributos>
<X>270</X>
<Y>-50</Y>
<Radio>25</Radio>
<Muerto>false</Muerto>
<VelX>0</VelX>
<VelY>3</VelY>
<PosInicialX>270</PosInicialX>
<PosInicialY>-50</PosInicialY>
<Energia>2</Energia>
<Puntos>30</Puntos>
<Relevado>false</Relevado>
<EnergiaOriginal>2</EnergiaOriginal>
<Escapo>false</Escapo>
<EsGuia>false</EsGuia>
<FrecuenciaDisparo>20</FrecuenciaDisparo>
<TurnosDisparo>0</TurnosDisparo>
</Atributos>
</CazaII>
<CazaII>
<Atributos>
<X>170</X>
<Y>-50</Y>
<Radio>25</Radio>
<Muerto>false</Muerto>
<VelX>0</VelX>
<VelY>3</VelY>
<PosInicialX>170</PosInicialX>
<PosInicialY>-50</PosInicialY>
<Energia>2</Energia>
<Puntos>30</Puntos>
<Relevado>false</Relevado>
<EnergiaOriginal>2</EnergiaOriginal>
<Escapo>false</Escapo>
<EsGuia>false</EsGuia>
<FrecuenciaDisparo>20</FrecuenciaDisparo>
<TurnosDisparo>0</TurnosDisparo>
</Atributos>
</CazaII>
<CazaII>
<Atributos>
<X>320</X>
<Y>-100</Y>
<Radio>25</Radio>
<Muerto>false</Muerto>
<VelX>0</VelX>
<VelY>3</VelY>
<PosInicialX>320</PosInicialX>
<PosInicialY>-100</PosInicialY>
<Energia>2</Energia>
<Puntos>30</Puntos>
<Relevado>false</Relevado>
<EnergiaOriginal>2</EnergiaOriginal>
<Escapo>false</Escapo>
<EsGuia>false</EsGuia>
<FrecuenciaDisparo>20</FrecuenciaDisparo>
<TurnosDisparo>0</TurnosDisparo>
</Atributos>
</CazaII>
<CazaII>
<Atributos>
<X>120</X>
<Y>-100</Y>
<Radio>25</Radio>
<Muerto>false</Muerto>
<VelX>0</VelX>
<VelY>3</VelY>
<PosInicialX>120</PosInicialX>
<PosInicialY>-100</PosInicialY>
<Energia>2</Energia>
<Puntos>30</Puntos>
<Relevado>false</Relevado>
<EnergiaOriginal>2</EnergiaOriginal>
<Escapo>false</Escapo>
<EsGuia>false</EsGuia>
<FrecuenciaDisparo>20</FrecuenciaDisparo>
<TurnosDisparo>0</TurnosDisparo>
</Atributos>
</CazaII>
<CazaII>
<Atributos>
<X>370</X>
<Y>-150</Y>
<Radio>25</Radio>
<Muerto>false</Muerto>
<VelX>0</VelX>
<VelY>3</VelY>
<PosInicialX>370</PosInicialX>
<PosInicialY>-150</PosInicialY>
<Energia>2</Energia>
<Puntos>30</Puntos>
<Relevado>false</Relevado>
<EnergiaOriginal>2</EnergiaOriginal>
<Escapo>false</Escapo>
<EsGuia>false</EsGuia>
<FrecuenciaDisparo>20</FrecuenciaDisparo>
<TurnosDisparo>0</TurnosDisparo>
</Atributos>
</CazaII>
<CazaII>
<Atributos>
<X>70</X>
<Y>-150</Y>
<Radio>25</Radio>
<Muerto>false</Muerto>
<VelX>0</VelX>
<VelY>3</VelY>
<PosInicialX>70</PosInicialX>
<PosInicialY>-150</PosInicialY>
<Energia>7</Energia>
<Puntos>30</Puntos>
<Relevado>false</Relevado>
<EnergiaOriginal>2</EnergiaOriginal>
<Escapo>false</Escapo>
<EsGuia>true</EsGuia>
<FrecuenciaDisparo>20</FrecuenciaDisparo>
<TurnosDisparo>0</TurnosDisparo>
</Atributos>
</CazaII>
</ListaNavesVivasEnemigas>
</FlotaEnemiga>
</Nivel>
